experiment	prompt	model	n	accuracy	precision	recall	f1	valid_count	invalid_count	invalid_rate
DE_0shot	P1	Gemma-3-1B	365	0.4958904109589041	0.49725274725274726	0.9945054945054945	0.663003663003663	365	0	0.0
DE_0shot	P1	Llama-3.2-1B	365	0.5068493150684932	0.5192307692307693	0.14835164835164835	0.23076923076923078	365	0	0.0
DE_0shot	P1	Phi-3.5-mini	365	0.6438356164383562	0.6688311688311688	0.5659340659340659	0.6130952380952381	365	0	0.0
DE_0shot	P1	Qwen2.5-1.5B	365	0.4986301369863014	0.4986301369863014	1.0	0.6654478976234004	365	0	0.0
DE_0shot	P2	Gemma-3-1B	365	0.4986301369863014	0.4986301369863014	1.0	0.6654478976234004	365	0	0.0
DE_0shot	P2	Llama-3.2-1B	365	0.5013698630136987	0.5	0.02197802197802198	0.042105263157894736	365	0	0.0
DE_0shot	P2	Phi-3.5-mini	365	0.6821917808219178	0.75	0.5439560439560439	0.6305732484076433	365	0	0.0
DE_0shot	P2	Qwen2.5-1.5B	365	0.4958904109589041	0.49725274725274726	0.9945054945054945	0.663003663003663	365	0	0.0
DE_0shot	P3	Gemma-3-1B	365	0.4986301369863014	0.4986225895316804	0.9945054945054945	0.6642201834862386	365	0	0.0
DE_0shot	P3	Llama-3.2-1B	365					0	365	1.0
DE_0shot	P3	Phi-3.5-mini	365	0.6109589041095891	0.636986301369863	0.510989010989011	0.5670731707317073	365	0	0.0
DE_0shot	P3	Qwen2.5-1.5B	365	0.5041551246537396	0.5027932960893855	0.994475138121547	0.6679035250463822	361	4	0.010958904109589041
DE_2shot_DE_ES	P1	Gemma-3-1B	365	0.5863013698630137	0.6013071895424836	0.5054945054945055	0.5492537313432836	365	0	0.0
DE_2shot_DE_ES	P1	Llama-3.2-1B	365	0.5014164305949008	0.5014164305949008	1.0	0.6679245283018868	353	12	0.03287671232876712
DE_2shot_DE_ES	P1	Phi-3.5-mini	365	0.6301369863013698	0.6358381502890174	0.6043956043956044	0.6197183098591549	365	0	0.0
DE_2shot_DE_ES	P1	Qwen2.5-1.5B	365	0.5232876712328767	0.5118343195266272	0.9505494505494505	0.6653846153846154	365	0	0.0
DE_2shot_DE_ES	P2	Gemma-3-1B	365	0.5178082191780822	0.5142857142857142	0.5934065934065934	0.5510204081632653	365	0	0.0
DE_2shot_DE_ES	P2	Llama-3.2-1B	365	0.49584487534626037	0.49584487534626037	1.0	0.662962962962963	361	4	0.010958904109589041
DE_2shot_DE_ES	P2	Phi-3.5-mini	365	0.6657534246575343	0.7380952380952381	0.510989010989011	0.6038961038961039	365	0	0.0
DE_2shot_DE_ES	P2	Qwen2.5-1.5B	365	0.4986301369863014	0.4986301369863014	1.0	0.6654478976234004	365	0	0.0
DE_2shot_DE_ES	P3	Gemma-3-1B	365	0.5150684931506849	0.5257731958762887	0.2802197802197802	0.3655913978494624	365	0	0.0
DE_2shot_DE_ES	P3	Llama-3.2-1B	365					0	365	1.0
DE_2shot_DE_ES	P3	Phi-3.5-mini	365	0.5643835616438356	0.5447470817120622	0.7692307692307693	0.6378132118451025	365	0	0.0
DE_2shot_DE_ES	P3	Qwen2.5-1.5B	365	0.5068493150684932	0.5028089887640449	0.9835164835164835	0.6654275092936803	365	0	0.0
DE_2shot_ES_DE	P1	Gemma-3-1B	365	0.5452054794520548	0.5869565217391305	0.2967032967032967	0.39416058394160586	365	0	0.0
DE_2shot_ES_DE	P1	Llama-3.2-1B	365	0.4986301369863014	0.4986301369863014	1.0	0.6654478976234004	365	0	0.0
DE_2shot_ES_DE	P1	Phi-3.5-mini	365	0.6273972602739726	0.8026315789473685	0.33516483516483514	0.4728682170542636	365	0	0.0
DE_2shot_ES_DE	P1	Qwen2.5-1.5B	365	0.5013698630136987	0.5	0.9945054945054945	0.6654411764705882	365	0	0.0
DE_2shot_ES_DE	P2	Gemma-3-1B	365	0.5589041095890411	0.5686274509803921	0.47802197802197804	0.5194029850746269	365	0	0.0
DE_2shot_ES_DE	P2	Llama-3.2-1B	365	0.49850746268656715	0.49850746268656715	1.0	0.6653386454183267	335	30	0.0821917808219178
DE_2shot_ES_DE	P2	Phi-3.5-mini	365	0.5917808219178082	0.8235294117647058	0.23076923076923078	0.3605150214592275	365	0	0.0
DE_2shot_ES_DE	P2	Qwen2.5-1.5B	365	0.4958904109589041	0.49714285714285716	0.9560439560439561	0.6541353383458647	365	0	0.0
DE_2shot_ES_DE	P3	Gemma-3-1B	365	0.5123287671232877	0.8333333333333334	0.027472527472527472	0.05319148936170213	365	0	0.0
DE_2shot_ES_DE	P3	Llama-3.2-1B	365					0	365	1.0
DE_2shot_ES_DE	P3	Phi-3.5-mini	365	0.6164383561643836	0.6105263157894737	0.6373626373626373	0.6236559139784946	365	0	0.0
DE_2shot_ES_DE	P3	Qwen2.5-1.5B	365	0.5068493150684932	0.503448275862069	0.8021978021978022	0.6186440677966102	365	0	0.0
DE_4shot	P1	Gemma-3-1B	365	0.6027397260273972	0.5852534562211982	0.6978021978021978	0.6365914786967418	365	0	0.0
DE_4shot	P1	Llama-3.2-1B	365	0.4931972789115646	0.4931972789115646	1.0	0.6605922551252847	294	71	0.19452054794520549
DE_4shot	P1	Phi-3.5-mini	365	0.6191780821917808	0.6091370558375635	0.6593406593406593	0.633245382585752	365	0	0.0
DE_4shot	P1	Qwen2.5-1.5B	365	0.4986301369863014	0.4986301369863014	1.0	0.6654478976234004	365	0	0.0
DE_4shot	P2	Gemma-3-1B	365	0.5835616438356165	0.55859375	0.7857142857142857	0.6529680365296804	365	0	0.0
DE_4shot	P2	Llama-3.2-1B	365	0.5297297297297298	0.5333333333333333	0.9696969696969697	0.6881720430107527	185	180	0.4931506849315068
DE_4shot	P2	Phi-3.5-mini	365	0.6493150684931507	0.7014925373134329	0.5164835164835165	0.5949367088607594	365	0	0.0
DE_4shot	P2	Qwen2.5-1.5B	365	0.4986301369863014	0.4986301369863014	1.0	0.6654478976234004	365	0	0.0
DE_4shot	P3	Gemma-3-1B	365	0.5123287671232877	0.5056497175141242	0.9835164835164835	0.667910447761194	365	0	0.0
DE_4shot	P3	Llama-3.2-1B	365	0.375	0.375	1.0	0.5454545454545454	8	357	0.9780821917808219
DE_4shot	P3	Phi-3.5-mini	365	0.5698630136986301	0.5502008032128514	0.7527472527472527	0.6357308584686775	365	0	0.0
DE_4shot	P3	Qwen2.5-1.5B	365	0.4986301369863014	0.4986301369863014	1.0	0.6654478976234004	365	0	0.0
ES_0shot	P1	Gemma-3-1B	365	0.3561643835616438	0.3561643835616438	1.0	0.5252525252525253	365	0	0.0
ES_0shot	P1	Llama-3.2-1B	365	0.5452054794520548	0.4142857142857143	0.6692307692307692	0.5117647058823529	365	0	0.0
ES_0shot	P1	Phi-3.5-mini	365	0.6602739726027397	0.5277777777777778	0.43846153846153846	0.4789915966386555	365	0	0.0
ES_0shot	P1	Qwen2.5-1.5B	365	0.38082191780821917	0.3651685393258427	1.0	0.5349794238683128	365	0	0.0
ES_0shot	P2	Gemma-3-1B	365	0.3561643835616438	0.3561643835616438	1.0	0.5252525252525253	365	0	0.0
ES_0shot	P2	Llama-3.2-1B	365	0.546742209631728	0.40853658536585363	0.5153846153846153	0.4557823129251701	353	12	0.03287671232876712
ES_0shot	P2	Phi-3.5-mini	365	0.6684931506849315	0.56	0.3230769230769231	0.4097560975609756	365	0	0.0
ES_0shot	P2	Qwen2.5-1.5B	365	0.3780821917808219	0.3641456582633053	1.0	0.5338809034907598	365	0	0.0
ES_0shot	P3	Gemma-3-1B	365	0.36712328767123287	0.3601108033240997	1.0	0.5295315682281059	365	0	0.0
ES_0shot	P3	Llama-3.2-1B	365	0.4452054794520548	0.4452054794520548	1.0	0.6161137440758294	146	219	0.6
ES_0shot	P3	Phi-3.5-mini	365	0.6958904109589041	0.594059405940594	0.46153846153846156	0.5194805194805194	365	0	0.0
ES_0shot	P3	Qwen2.5-1.5B	365	0.4065934065934066	0.3724340175953079	0.9844961240310077	0.5404255319148936	364	1	0.0027397260273972603
ES_2shot_DE_ES	P1	Gemma-3-1B	365	0.5260273972602739	0.41762452107279696	0.8384615384615385	0.5575447570332481	365	0	0.0
ES_2shot_DE_ES	P1	Llama-3.2-1B	365	0.3673469387755102	0.3673469387755102	1.0	0.5373134328358209	294	71	0.19452054794520549
ES_2shot_DE_ES	P1	Phi-3.5-mini	365	0.6356164383561644	0.4819277108433735	0.3076923076923077	0.3755868544600939	365	0	0.0
ES_2shot_DE_ES	P1	Qwen2.5-1.5B	365	0.5506849315068493	0.43359375	0.8538461538461538	0.5751295336787565	365	0	0.0
ES_2shot_DE_ES	P2	Gemma-3-1B	365	0.4438356164383562	0.3862928348909657	0.9538461538461539	0.549889135254989	365	0	0.0
ES_2shot_DE_ES	P2	Llama-3.2-1B	365	0.35410764872521244	0.35410764872521244	1.0	0.5230125523012552	353	12	0.03287671232876712
ES_2shot_DE_ES	P2	Phi-3.5-mini	365	0.663013698630137	0.5538461538461539	0.27692307692307694	0.36923076923076925	365	0	0.0
ES_2shot_DE_ES	P2	Qwen2.5-1.5B	365	0.4410958904109589	0.38509316770186336	0.9538461538461539	0.5486725663716814	365	0	0.0
ES_2shot_DE_ES	P3	Gemma-3-1B	365	0.5917808219178082	0.43870967741935485	0.5230769230769231	0.47719298245614034	365	0	0.0
ES_2shot_DE_ES	P3	Llama-3.2-1B	365					0	365	1.0
ES_2shot_DE_ES	P3	Phi-3.5-mini	365	0.6684931506849315	0.5310344827586206	0.5923076923076923	0.56	365	0	0.0
ES_2shot_DE_ES	P3	Qwen2.5-1.5B	365	0.5178082191780822	0.4195804195804196	0.9230769230769231	0.5769230769230769	365	0	0.0
ES_2shot_ES_DE	P1	Gemma-3-1B	365	0.536986301369863	0.4306049822064057	0.9307692307692308	0.5888077858880778	365	0	0.0
ES_2shot_ES_DE	P1	Llama-3.2-1B	365	0.3382352941176471	0.3382352941176471	1.0	0.5054945054945055	340	25	0.0684931506849315
ES_2shot_ES_DE	P1	Phi-3.5-mini	365	0.6493150684931507	0.5147058823529411	0.2692307692307692	0.35353535353535354	365	0	0.0
ES_2shot_ES_DE	P1	Qwen2.5-1.5B	365	0.4136986301369863	0.37349397590361444	0.9538461538461539	0.5367965367965368	365	0	0.0
ES_2shot_ES_DE	P2	Gemma-3-1B	365	0.4904109589041096	0.40789473684210525	0.9538461538461539	0.5714285714285714	365	0	0.0
ES_2shot_ES_DE	P2	Llama-3.2-1B	365	0.36795252225519287	0.36795252225519287	1.0	0.5379609544468547	337	28	0.07671232876712329
ES_2shot_ES_DE	P2	Phi-3.5-mini	365	0.6712328767123288	0.5892857142857143	0.25384615384615383	0.3548387096774194	365	0	0.0
ES_2shot_ES_DE	P2	Qwen2.5-1.5B	365	0.5150684931506849	0.4197952218430034	0.9461538461538461	0.5815602836879432	365	0	0.0
ES_2shot_ES_DE	P3	Gemma-3-1B	365	0.6356164383561644	0.49162011173184356	0.676923076923077	0.56957928802589	365	0	0.0
ES_2shot_ES_DE	P3	Llama-3.2-1B	365					0	365	1.0
ES_2shot_ES_DE	P3	Phi-3.5-mini	365	0.6602739726027397	0.5208333333333334	0.5769230769230769	0.5474452554744526	365	0	0.0
ES_2shot_ES_DE	P3	Qwen2.5-1.5B	365	0.547945205479452	0.4344569288389513	0.8923076923076924	0.5843828715365239	365	0	0.0
ES_4shot	P1	Gemma-3-1B	365	0.4876712328767123	0.4065573770491803	0.9538461538461539	0.5701149425287356	365	0	0.0
ES_4shot	P1	Llama-3.2-1B	365	0.3347107438016529	0.3347107438016529	1.0	0.5015479876160991	242	123	0.336986301369863
ES_4shot	P1	Phi-3.5-mini	365	0.6493150684931507	0.5072463768115942	0.5384615384615384	0.5223880597014925	365	0	0.0
ES_4shot	P1	Qwen2.5-1.5B	365	0.3561643835616438	0.3561643835616438	1.0	0.5252525252525253	365	0	0.0
ES_4shot	P2	Gemma-3-1B	365	0.4246575342465753	0.3816568047337278	0.9923076923076923	0.5512820512820513	365	0	0.0
ES_4shot	P2	Llama-3.2-1B	365	0.36900369003690037	0.3680297397769517	0.99	0.5365853658536586	271	94	0.25753424657534246
ES_4shot	P2	Phi-3.5-mini	365	0.6575342465753424	0.5238095238095238	0.4230769230769231	0.46808510638297873	365	0	0.0
ES_4shot	P2	Qwen2.5-1.5B	365	0.3561643835616438	0.3561643835616438	1.0	0.5252525252525253	365	0	0.0
ES_4shot	P3	Gemma-3-1B	365	0.37534246575342467	0.36235955056179775	0.9923076923076923	0.5308641975308642	365	0	0.0
ES_4shot	P3	Llama-3.2-1B	365	0.1111111111111111	0.1111111111111111	1.0	0.2	9	356	0.9753424657534246
ES_4shot	P3	Phi-3.5-mini	365	0.6493150684931507	0.5052631578947369	0.7384615384615385	0.6	365	0	0.0
ES_4shot	P3	Qwen2.5-1.5B	365	0.3780821917808219	0.3641456582633053	1.0	0.5338809034907598	365	0	0.0
